0,0,-3.876983,2.05678,0,0,0,0,
0,0,-3.876983,2.05678,0,0,0,0,
0,0,-3.876983,2.05678,0,0,0,0,
0,0,-3.876983,2.05678,0,0,0,0,
0,0,-3.876983,2.05678,0,0,0,0,
0,0,-3.876983,2.05678,0,0,0,0,
0,0,-3.876983,2.05678,0,0,0,0,
0,0,-3.876983,2.05678,0,0,0,0,
0,0,-3.876983,2.05678,0,0,0,0,
0,0,-3.876983,2.05678,0,0,0,0,
0,0,-3.876983,2.05678,0,0,0,0,
0,0,-3.876983,2.05678,0,0,0,0,
0,0,-3.876983,2.05678,0,0,0,0,
0,0,-3.876983,2.05678,0,0,0,0,
0,0,-3.876983,2.05678,0,0,0,0,
0,0,-3.876983,2.05678,0,0,0,0,
0,0,-3.876983,2.05678,0,0,0,0,
0,0,-3.876983,2.05678,0,0,0,0,
0,0,-3.876983,2.05678,0,0,0,0,
0,0,-3.876983,2.05678,0,0,0,0,
0,0,-3.876983,2.05678,0,0,0,0,
0,0,-3.876983,2.05678,0,0,0,0,
0,0,-3.876983,2.05678,0,0,0,0,
0,0,-3.876983,2.05678,0,0,0,0,
0,0,-3.876983,2.05678,0,0,0,0,
0,0,-3.876983,2.05678,0,0,0,0,
0,0,-3.876983,2.05678,0,0,0,0,
0,0,-3.876983,2.05678,0,0,0,0,
0,0,-3.876983,2.05678,0,0,0,0,
0,0,-3.876983,2.05678,0,0,0,0,
0,0,-3.876983,2.05678,0,0,0,0,
0,0,-3.876983,2.05678,0,0,0,0,
0,0,-3.876983,2.05678,0,0,0,0,
0,0,-3.876983,2.05678,0,0,0,0,
0,0,-3.876983,2.05678,0,0,0,0,
0,0,-3.876983,2.05678,0,0,0,0,
0,0,-3.876983,2.05678,0,0,0,0,
0,0,-3.876983,2.05678,0,0,0,0,
0,0,-3.876983,2.05678,0,0,0,0,
0,0,-3.876983,2.05678,0,0,0,0,
0,0,-3.876983,2.05678,0,0,0,0,
0,0,-3.876983,2.05678,0,0,0,0,
0,0,-3.876983,2.05678,0,0,0,0,
0,0,-3.876983,2.05678,0,0,0,0,
0,0,-3.876983,2.05678,0,0,0,0,
0,0,-3.876983,2.05678,0,0,0,0,
0,0,-3.876983,2.05678,0,0,0,0,
0,0,-3.876983,2.05678,0,0,0,0,
0,0,-3.876983,2.05678,0,0,0,0,
0,0,-3.876983,2.05678,0,0,0,0,
0,0,-3.876983,2.05678,0,0,0,0,
0,0,-3.876983,2.05678,0,0,0,0,
0,0,-3.876983,2.05678,0,0,0,0,
0,0,-3.876983,2.05678,0,0,0,0,
0,0,-3.876983,2.05678,0,0,0,0,
0,0,-3.876983,2.05678,0,0,0,0,
0,0,-3.876983,2.05678,0,0,0,0,
0,0,-3.876983,2.05678,0,0,0,0,
0,0,-3.876983,2.05678,0,0,0,0,
0,0,-3.876983,2.05678,0,0,0,0,
0,0,-3.876983,2.05678,0,0,0,0,
0,0,-3.876983,2.05678,0,0,0,0,
0,0,-3.876983,2.05678,0,0,0,0,
0,0,-3.876983,2.05678,0,0,0,0,
0,0,-3.876983,2.05678,0,0,0,0,
0,0,-3.876983,2.05678,0,0,0,0,
0,0,-3.876983,2.05678,0,0,0,0,
0,0,-3.876983,2.05678,0,0,0,0,
0,0,-3.876983,2.05678,0,0,0,0,
0,0,-3.876983,2.05678,0,0,0,0,
0,0,-3.876983,2.05678,0,0,0,0,
0,0,-3.876983,2.05678,0,0,0,0,
0,0,-3.876983,2.05678,0,0,0,0,
0,0,-3.876983,2.05678,0,0,0,0,
0,0,-3.876983,2.05678,0,0,0,0,
0,0,-3.876983,2.05678,0,0,0,0,
0,0,-3.876983,2.05678,0,0,0,0,
0,0,-3.876983,2.05678,0,0,0,0,
0,0,-3.876983,2.05678,0,0,0,0,
0,0,-3.876983,2.05678,0,0,0,0,
0,0,-3.876983,2.05678,0,0,0,0,
0,0,-3.876983,2.05678,0,0,0,0,
0,0,-3.876983,2.05678,0,0,0,0,
0,0,-3.876983,2.05678,0,0,0,0,
0,0,-3.876983,2.05678,0,0,0,0,
0,0,-3.876983,2.05678,0,0,0,0,
0,0,-3.876983,2.05678,0,0,0,0,
0,0,-3.876983,2.05678,0,0,0,0,
0,0,-3.876983,2.05678,0,0,0,0,
0,0,-3.876983,2.05678,0,0,0,0,
0,0,-3.876983,2.05678,0,0,0,0,
0,0,-3.876983,2.05678,0,0,0,0,
0,0,-3.876983,2.05678,0,0,0,0,
0,0,-3.876983,2.05678,0,0,0,0,
0,0,-3.876983,2.05678,0,0,0,0,
0,0,-3.876983,2.05678,0,0,0,0,
0,0,-3.876983,2.05678,0,0,0,0,
0,0,-3.876983,2.05678,0,0,0,0,
0,0,-3.876983,2.05678,0,0,0,0,
0,0,-3.876983,2.05678,0,0,0,0,
0,0,-3.876983,2.05678,0,0,0,0,
0,0,-3.876983,2.05678,0,0,0,0,
0,0,-3.876983,2.05678,0,0,0,0,
0,0,-3.876983,2.05678,0,0,0,0,
0,0,-3.876983,2.05678,0,0,0,0,
0,0,-3.876983,2.05678,0,0,0,0,
0,0,-3.876983,2.05678,0,0,0,0,
0,0,-3.876983,2.05678,0,0,0,0,
0,0,-3.876983,2.05678,0,0,0,0,
0,0,-3.876983,2.05678,0,0,0,0,
0,0,-3.876983,2.05678,0,0,0,0,
0,0,-3.876983,2.05678,0,0,0,0,
0,0,-3.876983,2.05678,0,0,0,0,
0,0,-3.876983,2.05678,0,0,0,0,
0,0,-3.876983,2.05678,0,0,0,0,
0,0,-3.876983,2.05678,0,0,0,0,
0,0,-3.876983,2.05678,0,0,0,0,
0,0,-3.876983,2.05678,0,0,0,0,
0,0,-3.876983,2.05678,0,0,0,0,
0,0,-3.876983,2.05678,0,0,0,0,
0,0,-3.876983,2.05678,0,0,0,0,
0,0,-3.876983,2.05678,0,0,0,0,
0,0,-3.876983,2.05678,0,0,0,0,
0,0,-3.876983,2.05678,0,0,0,0,
0,0,-3.876983,2.05678,0,0,0,0,
0,0,-3.876983,2.05678,0,0,0,0,
0,0,-3.876983,2.05678,0,0,0,0,
0,0,-3.876983,2.05678,0,0,0,0,
0,0,-3.876983,2.05678,0,0,0,0,
0,0,-3.876983,2.05678,0,0,0,0,
0,0,-3.876983,2.05678,0,0,0,0,
0,0,-3.876983,2.05678,0,0,0,0,
0,0,-3.876983,2.05678,0,0,0,0,
0,0,-3.876983,2.05678,0,0,0,0,
0,0,-3.876983,2.05678,0,0,0,0,
0,0,-3.876983,2.05678,0,0,0,0,
0,0,-3.876983,2.05678,0,0,0,0,
0,0,-3.876983,2.05678,0,0,0,0,
0,0,-3.876983,2.05678,0,0,0,0,
0,0,-3.876983,2.05678,0,0,0,0,
0,0,-3.876983,2.05678,0,0,0,0,
0,0,-3.876983,2.05678,0,0,0,0,
0,0,-3.876983,2.05678,0,0,0,0,
0,0,-3.876983,2.05678,0,0,0,0,
0,0,-3.876983,2.05678,0,0,0,0,
0,0,-3.876983,2.05678,0,0,0,0,
0,0,-3.876983,2.05678,0,0,0,0,
0,0,-3.876983,2.05678,0,0,0,0,
0,0,-3.876983,2.05678,0,0,0,0,
0,0,-3.876983,2.05678,0,0,0,0,
0,0,-3.876983,2.05678,0,0,0,0,
0,0,-3.876983,2.05678,0,0,0,0,
0,0,-3.876983,2.05678,0,0,0,0,
0,0,-3.876983,2.05678,0,0,0,0,
0,0,-3.876983,2.05678,0,0,0,0,
0,0,-3.876983,2.05678,0,0,0,0,
0,0,-3.876983,2.05678,0,0,0,0,
0,0,-3.876983,2.05678,0,0,0,0,
0,0,-3.876983,2.05678,0,0,0,0,
0,0,-3.876983,2.05678,0,0,0,0,
0,0,-3.876983,2.05678,0,0,0,0,
0,0,-3.876983,2.05678,0,0,0,0,
0,0,-3.876983,2.05678,0,0,0,0,
0,0,-3.876983,2.05678,0,0,0,0,
0,0,-3.876983,2.05678,0,0,0,0,
0,0,-3.876983,2.05678,0,0,0,0,
0,0,-3.876983,2.05678,0,0,0,0,
0,0,-3.876983,2.05678,0,0,0,0,
0,0,-3.876983,2.05678,0,0,0,0,
0,0,-3.876983,2.05678,0,0,0,0,
0,0,-3.876983,2.05678,0,0,0,0,
0,0,-3.876983,2.05678,0,0,0,0,
0,0,-3.876983,2.05678,0,0,0,0,
0,0,-3.876983,2.05678,0,0,0,0,
0,0,-3.876983,2.05678,0,0,0,0,
0,0,-3.876983,2.05678,0,0,0,0,
0,0,-3.876983,2.05678,0,0,0,0,
0,0,-3.876983,2.05678,0,0,0,0,
0,0,-3.876983,2.05678,0,0,0,0,
0,0,-3.876983,2.05678,0,0,0,0,
0,0,-3.876983,2.05678,0,0,0,0,
0,0,-3.876983,2.05678,0,0,0,0,
0,0,-3.876983,2.05678,0,0,0,0,
0,0,-3.876983,2.05678,0,0,0,0,
0,0,-3.876983,2.05678,0,0,0,0,
0,0,-3.876983,2.05678,0,0,0,0,
0,0,-3.876983,2.05678,0,0,0,0,
0,0,-3.876983,2.05678,0,0,0,0,
0,0,-3.876983,2.05678,0,0,0,0,
0,0,-3.876983,2.05678,0,0,0,0,
0,0,-3.876983,2.05678,0,0,0,0,
0,0,-3.876983,2.05678,0,0,0,0,
0,0,-3.876983,2.05678,0,0,0,0,
0,0,-3.876983,2.05678,0,0,0,0,
0,0,-3.876983,2.05678,0,0,0,0,
0,0,-3.876983,2.05678,0,0,0,0,
0,0,-3.876983,2.05678,0,0,0,0,
0,0,-3.876983,2.05678,0,0,0,0,
0,0,-3.876983,2.05678,0,0,0,0,
0,0,-3.876983,2.05678,0,0,0,0,
0,0,-3.876983,2.05678,0,0,0,0,
0,0,-3.876983,2.05678,0,0,0,0,
0,0,-3.876983,2.05678,0,0,0,0,
0,0,-3.876983,2.05678,0,0,0,0,
0,0,-3.876983,2.05678,0,0,0,0,
0,0,-3.876983,2.05678,0,0,0,0,
0,0,-3.876983,2.05678,0,0,0,0,
0,0,-3.876983,2.05678,0,0,0,0,
0,0,-3.876983,2.05678,0,0,0,0,
0,0,-3.876983,2.05678,0,0,0,0,
0,0,-3.876983,2.05678,0,0,0,0,
0,0,-3.876983,2.05678,0,0,0,0,
0,0,-3.876983,2.05678,0,0,0,0,
0,0,-3.876983,2.05678,0,0,0,0,
0,0,-3.876983,2.05678,0,0,0,0,
0,0,-3.876983,2.05678,0,0,0,0,
0,0,-3.876983,2.05678,0,0,0,0,
0,0,-3.876983,2.05678,0,0,0,0,
0,0,-3.876983,2.05678,0,0,0,0,
0,0,-3.876983,2.05678,0,0,0,0,
0,0,-3.876983,2.05678,0,0,0,0,
0,0,-3.876983,2.05678,0,0,0,0,
0,0,-3.876983,2.05678,0,0,0,0,
0,0,-3.876983,2.05678,0,0,0,0,
0,0,-3.876983,2.05678,0,0,0,0,
0,0,-3.876983,2.05678,0,0,0,0,
0,0,-3.876983,2.05678,0,0,0,0,
0,0,-3.876983,2.05678,0,0,0,0,
0,0,-3.876983,2.05678,0,0,0,0,
0,0,-3.876983,2.05678,0,0,0,0,
0,0,-3.876983,2.05678,0,0,0,0,
0,0,-3.876983,2.05678,0,0,0,0,
0,0,-3.876983,2.05678,0,0,0,0,
0,0,-3.876983,2.05678,0,0,0,0,
0,0,-3.876983,2.05678,0,0,0,0,
0,0,-3.876983,2.05678,0,0,0,0,
0,0,-3.876983,2.05678,0,0,0,0,
0,0,-3.876983,2.05678,0,0,0,0,
0,0,-3.876983,2.05678,0,0,0,0,
0,0,-3.876983,2.05678,0,0,0,0,
0,0,-3.876983,2.05678,0,0,0,0,
0,0,-3.876983,2.05678,0,0,0,0,
0,0,-3.876983,2.05678,0,0,0,0,
0,0,-3.876983,2.05678,0,0,0,0,
0,0,-3.876983,2.05678,0,0,0,0,
0,0,-3.876983,2.05678,0,0,0,0,
0,0,-3.876983,2.05678,0,0,0,0,
0,0,-3.876983,2.05678,0,0,0,0,
0,0,-3.876983,2.05678,0,0,0,0,
0,0,-3.876983,2.05678,0,0,0,0,
0,0,-3.876983,2.05678,0,0,0,0,
0,0,-3.876983,2.05678,0,0,0,0,
0,0,-3.876983,2.05678,0,0,0,0,
0,0,-3.876983,2.05678,0,0,0,0,
0,0,-3.876983,2.05678,0,0,0,0,
0,0,-3.876983,2.05678,0,0,0,0,
0,0,-3.876983,2.05678,0,0,0,0,
0,0,-3.876983,2.05678,0,0,0,0,
0,0,-3.876983,2.05678,0,0,0,0,
0,0,-3.876983,2.05678,0,0,0,0,
0,0,-3.876983,2.05678,0,0,0,0,
0,0,-3.876983,2.05678,0,0,0,0,
0,0,-3.876983,2.05678,0,0,0,0,
0,0,-3.876983,2.05678,0,0,0,0,
0,0,-3.876983,2.05678,0,0,0,0,
0,0,-3.876983,2.05678,0,0,0,0,
0,0,-3.876983,2.05678,0,0,0,0,
0,0,-3.876983,2.05678,0,0,0,0,
0,0,-3.876983,2.05678,0,0,0,0,
0,0,-3.876983,2.05678,0,0,0,0,
0,0,-3.876983,2.05678,0,0,0,0,
0,0,-3.876983,2.05678,0,0,0,0,
0,0,-3.876983,2.05678,0,0,0,0,
0,0,-3.876983,2.05678,0,0,0,0,
0,0,-3.876983,2.05678,0,0,0,0,
0,0,-3.876983,2.05678,0,0,0,0,
0,0,-3.876983,2.05678,0,0,0,0,
0,0,-3.876983,2.05678,0,0,0,0,
0,0,-3.876983,2.05678,0,0,0,0,
0,0,-3.876983,2.05678,0,0,0,0,
0,0,-3.876983,2.05678,0,0,0,0,
0,0,-3.876983,2.05678,0,0,0,0,
0,0,-3.876983,2.05678,0,0,0,0,
0,0,-3.876983,2.05678,0,0,0,0,
0,0,-3.876983,2.05678,0,0,0,0,
0,0,-3.876983,2.05678,0,0,0,0,
0,0,-3.876983,2.05678,0,0,0,0,
0,0,-3.876983,2.05678,0,0,0,0,
0,0,-3.876983,2.05678,0,0,0,0,
0,0,-3.876983,2.05678,0,0,0,0,
0,0,-3.876983,2.05678,0,0,0,0,
0,0,-3.876983,2.05678,0,0,0,0,
0,0,-3.876983,2.05678,0,0,0,0,
0,0,-3.876983,2.05678,0,0,0,0,
0,0,-3.876983,2.05678,0,0,0,0,
0,0,-3.876983,2.05678,0,0,0,0,
0,0,-3.876983,2.05678,0,0,0,0,
0,0,-3.876983,2.05678,0,0,0,0,
0,0,-3.876983,2.05678,0,0,0,0,
0,0,-3.876983,2.05678,0,0,0,0,
0,0,-3.876983,2.05678,0,0,0,0,
0,0,-3.876983,2.05678,0,0,0,0,
0,0,-3.876983,2.05678,0,0,0,0,
0,0,-3.876983,2.05678,0,0,0,0,
0,0,-3.876983,2.05678,0,0,0,0,
0,0,-3.876983,2.05678,0,0,0,0,
0,0,-3.876983,2.05678,0,0,0,0,
0,0,-3.876983,2.05678,0,0,0,0,
0,0,-3.876983,2.05678,0,0,0,0,
0,0,-3.876983,2.05678,0,0,0,0,
0,0,-3.876983,2.05678,0,0,0,0,
0,0,-3.876983,2.05678,0,0,0,0,
0,0,-3.876983,2.05678,0,0,0,0,
0,0,-3.876983,2.05678,0,0,0,0,
0,0,-3.876983,2.05678,0,0,0,0,
0,0,-3.876983,2.05678,0,0,0,0,
0,0,-3.876983,2.05678,0,0,0,0,
0,0,-3.876983,2.05678,0,0,0,0,
0,0,-3.876983,2.05678,0,0,0,0,
0,0,-3.876983,2.05678,0,0,0,0,
0,0,-3.876983,2.05678,0,0,0,0,
0,0,-3.876983,2.05678,0,0,0,0,
0,0,-3.876983,2.05678,0,0,0,0,
0,0,-3.876983,2.05678,0,0,0,0,
0,0,-3.876983,2.05678,0,0,0,0,
0,0,-3.876983,2.05678,0,0,0,0,
0,0,-3.876983,2.05678,0,0,0,0,
0,0,-3.876983,2.05678,0,0,0,0,
0,0,-3.876983,2.05678,0,0,0,0,
0,0,-3.876983,2.05678,0,0,0,0,
0,0,-3.876983,2.05678,0,0,0,0,
0,0,-3.876983,2.05678,0,0,0,0,
0,0,-3.876983,2.05678,0,0,0,0,
0,0,-3.876983,2.05678,0,0,0,0,
0,0,-3.876983,2.05678,0,0,0,0,
0,0,-3.876983,2.05678,0,0,0,0,
0,0,-3.876983,2.05678,0,0,0,0,
0,0,-3.876983,2.05678,0,0,0,0,
0,0,-3.876983,2.05678,0,0,0,0,
0,0,-3.876983,2.05678,0,0,0,0,
0,0,-3.876983,2.05678,0,0,0,0,
0,0,-3.876983,2.05678,0,0,0,0,
0,0,-3.876983,2.05678,0,0,0,0,
0,0,-3.876983,2.05678,0,0,0,0,
0,0,-3.876983,2.05678,0,0,0,0,
0,0,-3.876983,2.05678,0,0,0,0,
0,0,-3.876983,2.05678,0,0,0,0,
0,0,-3.876983,2.05678,0,0,0,0,
0,0,-3.876983,2.05678,0,0,0,0,
0,0,-3.876983,2.05678,0,0,0,0,
0,0,-3.876983,2.05678,0,0,0,0,
0,0,-3.876983,2.05678,0,0,0,0,
0,0,-3.876983,2.05678,0,0,0,0,
0,0,-3.876983,2.05678,0,0,0,0,
0,0,-3.876983,2.05678,0,0,0,0,
0,0,-3.876983,2.05678,0,0,0,0,
0,0,-3.876983,2.05678,0,0,0,0,
0,0,-3.876983,2.05678,0,0,0,0,
0,0,-3.876983,2.05678,0,0,0,0,
0,0,-3.876983,2.05678,0,0,0,0,
0,0,-3.876983,2.05678,0,0,0,0,
0,0,-3.876983,2.05678,0,0,0,0,
0,0,-3.876983,2.05678,0,0,0,0,
0,0,-3.876983,2.05678,0,0,0,0,
0,0,-3.876983,2.05678,0,0,0,0,
0,0,-3.876983,2.05678,0,0,0,0,
0,0,-3.876983,2.05678,0,0,0,0,
0,0,-3.876983,2.05678,0,0,0,0,
0,0,-3.876983,2.05678,0,0,0,0,
0,0,-3.876983,2.05678,0,0,0,0,
0,0,-3.876983,2.05678,0,0,0,0,
0,0,-3.876983,2.05678,0,0,0,0,
0,0,-3.876983,2.05678,0,0,0,0,
0,0,-3.876983,2.05678,0,0,0,0,
0,0,-3.876983,2.05678,0,0,0,0,
0,0,-3.876983,2.05678,0,0,0,0,
0,0,-3.876983,2.05678,0,0,0,0,
0,0,-3.876983,2.05678,0,0,0,0,
0,0,-3.876983,2.05678,0,0,0,0,
0,0,-3.876983,2.05678,0,0,0,0,
0,0,-3.876983,2.05678,0,0,0,0,
0,0,-3.876983,2.05678,0,0,0,0,
0,0,-3.876983,2.05678,0,0,0,0,
0,0,-3.876983,2.05678,0,0,0,0,
0,0,-3.876983,2.05678,0,0,0,0,
0,0,-3.876983,2.05678,0,0,0,0,
0,0,-3.876983,2.05678,0,0,0,0,
0,0,-3.876983,2.05678,0,0,0,0,
0,0,-3.876983,2.05678,0,0,0,0,
0,0,-3.876983,2.05678,0,0,0,0,
0,0,-3.876983,2.05678,0,0,0,0,
0,0,-3.876983,2.05678,0,0,0,0,
0,0,-3.876983,2.05678,0,0,0,0,
0,0,-3.876983,2.05678,0,0,0,0,
0,0,-3.876983,2.05678,0,0,0,0,
0,0,-3.876983,2.05678,0,0,0,0,
0,0,-3.876983,2.05678,0,0,0,0,
0,0,-3.876983,2.05678,0,0,0,0,
0,0,-3.876983,2.05678,0,0,0,0,
0,0,-3.876983,2.05678,0,0,0,0,
0,0,-3.876983,2.05678,0,0,0,0,
0,0,-3.876983,2.05678,0,0,0,0,
0,0,-3.876983,2.05678,0,0,0,0,
0,0,-3.876983,2.05678,0,0,0,0,
0,0,-3.876983,2.05678,0,0,0,0,
0,0,-3.876983,2.05678,0,0,0,0,
0,0,-3.876983,2.05678,0,0,0,0,
0,0,-3.876983,2.05678,0,0,0,0,
0,0,-3.876983,2.05678,0,0,0,0,
0,0,-3.876983,2.05678,0,0,0,0,
0,0,-3.876983,2.05678,0,0,0,0,
0,0,-3.876983,2.05678,0,0,0,0,
0,0,-3.876983,2.05678,0,0,0,0,
0,0,-3.876983,2.05678,0,0,0,0,
0,0,-3.876983,2.05678,0,0,0,0,
0,0,-3.876983,2.05678,0,0,0,0,
0,0,-3.876983,2.05678,0,0,0,0,
0,0,-3.876983,2.05678,0,0,0,0,
0,0,-3.876983,2.05678,0,0,0,0,
,,,,,,,,
,,,,,,,,
,,,,,,,,
,,,,,,,,
,,,,,,,,
,,,,,,,,
,,,,,,,,
,,,,,,,,
,,,,,,,,
,,,,,,,,
,,,,,,,,
,,,,,,,,
,,,,,,,,
,,,,,,,,
,,,,,,,,
,,,,,,,,
,,,,,,,,
,,,,,,,,
,,,,,,,,
,,,,,,,,
,,,,,,,,
,,,,,,,,
,,,,,,,,
,,,,,,,,
,,,,,,,,
,,,,,,,,
,,,,,,,,
,,,,,,,,
,,,,,,,,
,,,,,,,,
,,,,,,,,
,,,,,,,,
,,,,,,,,
,,,,,,,,
,,,,,,,,
,,,,,,,,
,,,,,,,,
,,,,,,,,
,,,,,,,,
,,,,,,,,
,,,,,,,,
,,,,,,,,
,,,,,,,,
,,,,,,,,
,,,,,,,,
,,,,,,,,
,,,,,,,,
,,,,,,,,
,,,,,,,,
,,,,,,,,
,,,,,,,,
,,,,,,,,
,,,,,,,,
,,,,,,,,
,,,,,,,,
,,,,,,,,
,,,,,,,,
,,,,,,,,
,,,,,,,,
,,,,,,,,
,,,,,,,,
,,,,,,,,
,,,,,,,,
,,,,,,,,
,,,,,,,,
,,,,,,,,
,,,,,,,,
,,,,,,,,
,,,,,,,,
,,,,,,,,
,,,,,,,,
,,,,,,,,
,,,,,,,,
,,,,,,,,
,,,,,,,,
,,,,,,,,
,,,,,,,,
,,,,,,,,
,,,,,,,,
,,,,,,,,
,,,,,,,,
,,,,,,,,
,,,,,,,,
,,,,,,,,
,,,,,,,,
,,,,,,,,
,,,,,,,,
,,,,,,,,
,,,,,,,,
,,,,,,,,
,,,,,,,,
,,,,,,,,
,,,,,,,,
,,,,,,,,
,,,,,,,,
,,,,,,,,
,,,,,,,,
,,,,,,,,
,,,,,,,,
,,,,,,,,
,,,,,,,,
,,,,,,,,
,,,,,,,,
,,,,,,,,
,,,,,,,,
,,,,,,,,
,,,,,,,,
,,,,,,,,
,,,,,,,,
,,,,,,,,
,,,,,,,,
,,,,,,,,
,,,,,,,,
,,,,,,,,
,,,,,,,,
,,,,,,,,
,,,,,,,,
,,,,,,,,
,,,,,,,,
,,,,,,,,
,,,,,,,,
,,,,,,,,
,,,,,,,,
,,,,,,,,
,,,,,,,,
,,,,,,,,
,,,,,,,,
,,,,,,,,
,,,,,,,,
,,,,,,,,
,,,,,,,,
,,,,,,,,
,,,,,,,,
,,,,,,,,
,,,,,,,,
,,,,,,,,
,,,,,,,,
,,,,,,,,
,,,,,,,,
,,,,,,,,
,,,,,,,,
,,,,,,,,
,,,,,,,,
,,,,,,,,
,,,,,,,,
,,,,,,,,
,,,,,,,,
,,,,,,,,
,,,,,,,,
,,,,,,,,
,,,,,,,,
,,,,,,,,
,,,,,,,,
,,,,,,,,
,,,,,,,,
,,,,,,,,
,,,,,,,,
,,,,,,,,
,,,,,,,,
,,,,,,,,
,,,,,,,,
,,,,,,,,
,,,,,,,,
,,,,,,,,
,,,,,,,,
,,,,,,,,
,,,,,,,,
,,,,,,,,
,,,,,,,,
,,,,,,,,
,,,,,,,,
,,,,,,,,
,,,,,,,,
,,,,,,,,
,,,,,,,,
,,,,,,,,
,,,,,,,,
,,,,,,,,
,,,,,,,,
,,,,,,,,
,,,,,,,,
,,,,,,,,
,,,,,,,,
,,,,,,,,
,,,,,,,,
,,,,,,,,
,,,,,,,,
,,,,,,,,
,,,,,,,,
,,,,,,,,
,,,,,,,,
,,,,,,,,
,,,,,,,,
,,,,,,,,
,,,,,,,,
,,,,,,,,
,,,,,,,,
,,,,,,,,
,,,,,,,,
,,,,,,,,
,,,,,,,,
,,,,,,,,
,,,,,,,,
,,,,,,,,
,,,,,,,,
,,,,,,,,
,,,,,,,,
,,,,,,,,
,,,,,,,,
,,,,,,,,
,,,,,,,,
,,,,,,,,
,,,,,,,,
,,,,,,,,
,,,,,,,,
,,,,,,,,
,,,,,,,,
,,,,,,,,
,,,,,,,,
,,,,,,,,
,,,,,,,,
,,,,,,,,
,,,,,,,,
,,,,,,,,
,,,,,,,,
,,,,,,,,
,,,,,,,,
,,,,,,,,
,,,,,,,,
,,,,,,,,
,,,,,,,,
,,,,,,,,
,,,,,,,,
,,,,,,,,
,,,,,,,,
,,,,,,,,
,,,,,,,,
,,,,,,,,
,,,,,,,,
,,,,,,,,
,,,,,,,,
,,,,,,,,
,,,,,,,,
,,,,,,,,
,,,,,,,,
,,,,,,,,
,,,,,,,,
,,,,,,,,
,,,,,,,,
,,,,,,,,
,,,,,,,,
,,,,,,,,
,,,,,,,,
,,,,,,,,
,,,,,,,,
,,,,,,,,
,,,,,,,,
,,,,,,,,
,,,,,,,,
,,,,,,,,
,,,,,,,,
,,,,,,,,
,,,,,,,,
,,,,,,,,
,,,,,,,,
,,,,,,,,
,,,,,,,,
,,,,,,,,
,,,,,,,,
,,,,,,,,
,,,,,,,,
,,,,,,,,
,,,,,,,,
,,,,,,,,
,,,,,,,,
,,,,,,,,
,,,,,,,,
,,,,,,,,
,,,,,,,,
,,,,,,,,
,,,,,,,,
,,,,,,,,
,,,,,,,,
,,,,,,,,
,,,,,,,,
,,,,,,,,
,,,,,,,,
,,,,,,,,
,,,,,,,,
,,,,,,,,
,,,,,,,,
,,,,,,,,
,,,,,,,,
,,,,,,,,
,,,,,,,,
,,,,,,,,
,,,,,,,,
,,,,,,,,
,,,,,,,,
,,,,,,,,
,,,,,,,,
,,,,,,,,
,,,,,,,,
,,,,,,,,
,,,,,,,,
,,,,,,,,
,,,,,,,,
,,,,,,,,
,,,,,,,,
,,,,,,,,
,,,,,,,,
,,,,,,,,
,,,,,,,,
,,,,,,,,
,,,,,,,,
,,,,,,,,
,,,,,,,,
,,,,,,,,
,,,,,,,,
,,,,,,,,
,,,,,,,,
,,,,,,,,
,,,,,,,,
,,,,,,,,
,,,,,,,,
,,,,,,,,
,,,,,,,,
,,,,,,,,
,,,,,,,,
,,,,,,,,
,,,,,,,,
,,,,,,,,
,,,,,,,,
,,,,,,,,
,,,,,,,,
,,,,,,,,
,,,,,,,,
,,,,,,,,
,,,,,,,,
,,,,,,,,
,,,,,,,,
,,,,,,,,
,,,,,,,,
,,,,,,,,
,,,,,,,,
,,,,,,,,
,,,,,,,,
,,,,,,,,
,,,,,,,,
,,,,,,,,
,,,,,,,,
,,,,,,,,
,,,,,,,,
,,,,,,,,
,,,,,,,,
,,,,,,,,
,,,,,,,,
,,,,,,,,
,,,,,,,,
,,,,,,,,
,,,,,,,,
,,,,,,,,
,,,,,,,,
,,,,,,,,
,,,,,,,,
,,,,,,,,
,,,,,,,,
,,,,,,,,
,,,,,,,,
,,,,,,,,
,,,,,,,,
,,,,,,,,
,,,,,,,,
,,,,,,,,
,,,,,,,,
,,,,,,,,
,,,,,,,,
,,,,,,,,
,,,,,,,,
,,,,,,,,
,,,,,,,,
,,,,,,,,
,,,,,,,,
,,,,,,,,
,,,,,,,,
,,,,,,,,
,,,,,,,,
,,,,,,,,
,,,,,,,,
,,,,,,,,
,,,,,,,,
,,,,,,,,
,,,,,,,,
,,,,,,,,
,,,,,,,,
,,,,,,,,
,,,,,,,,
,,,,,,,,
,,,,,,,,
,,,,,,,,
,,,,,,,,
,,,,,,,,
,,,,,,,,
,,,,,,,,
,,,,,,,,
,,,,,,,,
,,,,,,,,
,,,,,,,,
,,,,,,,,
,,,,,,,,
,,,,,,,,
,,,,,,,,
,,,,,,,,
,,,,,,,,
,,,,,,,,
,,,,,,,,
,,,,,,,,
,,,,,,,,
,,,,,,,,
,,,,,,,,
,,,,,,,,
,,,,,,,,
,,,,,,,,
,,,,,,,,
,,,,,,,,
,,,,,,,,
,,,,,,,,
,,,,,,,,
,,,,,,,,
,,,,,,,,
,,,,,,,,
,,,,,,,,
,,,,,,,,
,,,,,,,,
,,,,,,,,
,,,,,,,,
,,,,,,,,
,,,,,,,,
,,,,,,,,
,,,,,,,,
,,,,,,,,
,,,,,,,,
,,,,,,,,
,,,,,,,,
,,,,,,,,
,,,,,,,,
,,,,,,,,
,,,,,,,,
,,,,,,,,
,,,,,,,,
,,,,,,,,
,,,,,,,,
,,,,,,,,
,,,,,,,,
,,,,,,,,
,,,,,,,,
,,,,,,,,
,,,,,,,,
,,,,,,,,
,,,,,,,,
,,,,,,,,
,,,,,,,,
,,,,,,,,
,,,,,,,,
,,,,,,,,
,,,,,,,,
,,,,,,,,
,,,,,,,,
,,,,,,,,
,,,,,,,,
,,,,,,,,
,,,,,,,,
,,,,,,,,
,,,,,,,,
,,,,,,,,
,,,,,,,,
,,,,,,,,
,,,,,,,,
,,,,,,,,
,,,,,,,,
,,,,,,,,
,,,,,,,,
,,,,,,,,
,,,,,,,,
,,,,,,,,
,,,,,,,,
,,,,,,,,
,,,,,,,,
,,,,,,,,
,,,,,,,,
,,,,,,,,
,,,,,,,,
,,,,,,,,
,,,,,,,,
,,,,,,,,
,,,,,,,,
,,,,,,,,
,,,,,,,,
,,,,,,,,
,,,,,,,,
,,,,,,,,
,,,,,,,,
,,,,,,,,
,,,,,,,,
,,,,,,,,
,,,,,,,,
,,,,,,,,
,,,,,,,,
,,,,,,,,
,,,,,,,,
,,,,,,,,
,,,,,,,,
,,,,,,,,
,,,,,,,,
,,,,,,,,
,,,,,,,,
,,,,,,,,
,,,,,,,,
,,,,,,,,
,,,,,,,,
,,,,,,,,
,,,,,,,,
,,,,,,,,
,,,,,,,,
,,,,,,,,
,,,,,,,,
,,,,,,,,
,,,,,,,,
,,,,,,,,
,,,,,,,,
,,,,,,,,
,,,,,,,,
,,,,,,,,
,,,,,,,,
,,,,,,,,
,,,,,,,,
,,,,,,,,
,,,,,,,,
,,,,,,,,
,,,,,,,,
,,,,,,,,
,,,,,,,,
,,,,,,,,
,,,,,,,,
,,,,,,,,
,,,,,,,,
,,,,,,,,
,,,,,,,,
,,,,,,,,
,,,,,,,,
,,,,,,,,
,,,,,,,,
,,,,,,,,
,,,,,,,,
,,,,,,,,
,,,,,,,,
,,,,,,,,
,,,,,,,,
,,,,,,,,
,,,,,,,,
,,,,,,,,
,,,,,,,,
,,,,,,,,
,,,,,,,,
,,,,,,,,
,,,,,,,,
,,,,,,,,
,,,,,,,,
,,,,,,,,
,,,,,,,,
,,,,,,,,
,,,,,,,,
,,,,,,,,
,,,,,,,,
,,,,,,,,
,,,,,,,,
,,,,,,,,
,,,,,,,,
,,,,,,,,
,,,,,,,,
,,,,,,,,
,,,,,,,,
,,,,,,,,
,,,,,,,,
,,,,,,,,
,,,,,,,,
,,,,,,,,
,,,,,,,,
,,,,,,,,
,,,,,,,,
,,,,,,,,
,,,,,,,,
,,,,,,,,
,,,,,,,,
,,,,,,,,
,,,,,,,,
,,,,,,,,
,,,,,,,,
,,,,,,,,
,,,,,,,,
,,,,,,,,
,,,,,,,,
,,,,,,,,
,,,,,,,,
,,,,,,,,
,,,,,,,,
,,,,,,,,
,,,,,,,,
,,,,,,,,
,,,,,,,,
,,,,,,,,
,,,,,,,,
,,,,,,,,
,,,,,,,,
,,,,,,,,
,,,,,,,,
,,,,,,,,
,,,,,,,,
,,,,,,,,
,,,,,,,,
,,,,,,,,
,,,,,,,,
,,,,,,,,
,,,,,,,,
,,,,,,,,
,,,,,,,,
,,,,,,,,
,,,,,,,,
,,,,,,,,
,,,,,,,,
,,,,,,,,
,,,,,,,,
,,,,,,,,
,,,,,,,,
,,,,,,,,
,,,,,,,,
,,,,,,,,
,,,,,,,,
,,,,,,,,
,,,,,,,,
,,,,,,,,
,,,,,,,,
,,,,,,,,
,,,,,,,,
,,,,,,,,
,,,,,,,,
,,,,,,,,
,,,,,,,,
,,,,,,,,
,,,,,,,,
,,,,,,,,
,,,,,,,,
,,,,,,,,
,,,,,,,,
,,,,,,,,
,,,,,,,,
,,,,,,,,
,,,,,,,,
,,,,,,,,
,,,,,,,,
,,,,,,,,
,,,,,,,,
,,,,,,,,
,,,,,,,,
,,,,,,,,
,,,,,,,,
,,,,,,,,
,,,,,,,,
,,,,,,,,
,,,,,,,,
,,,,,,,,
,,,,,,,,
,,,,,,,,
,,,,,,,,
,,,,,,,,
,,,,,,,,
,,,,,,,,
,,,,,,,,
,,,,,,,,
,,,,,,,,
,,,,,,,,
,,,,,,,,
,,,,,,,,
,,,,,,,,
,,,,,,,,
,,,,,,,,
,,,,,,,,
,,,,,,,,
,,,,,,,,
,,,,,,,,
,,,,,,,,
,,,,,,,,
,,,,,,,,
,,,,,,,,
,,,,,,,,
,,,,,,,,
,,,,,,,,
,,,,,,,,
,,,,,,,,
,,,,,,,,
,,,,,,,,
,,,,,,,,
,,,,,,,,
,,,,,,,,
,,,,,,,,
,,,,,,,,
,,,,,,,,
,,,,,,,,
,,,,,,,,
,,,,,,,,
,,,,,,,,
,,,,,,,,
,,,,,,,,
,,,,,,,,
,,,,,,,,
,,,,,,,,
,,,,,,,,
,,,,,,,,
,,,,,,,,
,,,,,,,,
,,,,,,,,
,,,,,,,,
,,,,,,,,
,,,,,,,,
,,,,,,,,
,,,,,,,,
,,,,,,,,
,,,,,,,,
,,,,,,,,
,,,,,,,,
,,,,,,,,
,,,,,,,,
,,,,,,,,
,,,,,,,,
,,,,,,,,
,,,,,,,,
,,,,,,,,
,,,,,,,,
,,,,,,,,
,,,,,,,,
,,,,,,,,
,,,,,,,,
,,,,,,,,
,,,,,,,,
,,,,,,,,
,,,,,,,,
,,,,,,,,
,,,,,,,,
,,,,,,,,
,,,,,,,,
,,,,,,,,
,,,,,,,,
,,,,,,,,
,,,,,,,,
,,,,,,,,
,,,,,,,,
,,,,,,,,
,,,,,,,,
,,,,,,,,
,,,,,,,,
,,,,,,,,
,,,,,,,,
,,,,,,,,
,,,,,,,,
,,,,,,,,
,,,,,,,,
,,,,,,,,
,,,,,,,,
,,,,,,,,
,,,,,,,,
,,,,,,,,
,,,,,,,,
,,,,,,,,
,,,,,,,,
,,,,,,,,
,,,,,,,,
,,,,,,,,
,,,,,,,,
,,,,,,,,
,,,,,,,,
,,,,,,,,
,,,,,,,,
,,,,,,,,
,,,,,,,,
,,,,,,,,
,,,,,,,,
,,,,,,,,
,,,,,,,,
,,,,,,,,
,,,,,,,,
,,,,,,,,
,,,,,,,,
,,,,,,,,
,,,,,,,,
,,,,,,,,
,,,,,,,,
,,,,,,,,
,,,,,,,,
,,,,,,,,
,,,,,,,,
,,,,,,,,
,,,,,,,,
,,,,,,,,
,,,,,,,,
,,,,,,,,
,,,,,,,,
,,,,,,,,
,,,,,,,,
,,,,,,,,
,,,,,,,,
,,,,,,,,
,,,,,,,,
,,,,,,,,
,,,,,,,,
,,,,,,,,
,,,,,,,,
,,,,,,,,
,,,,,,,,
,,,,,,,,
,,,,,,,,
,,,,,,,,
,,,,,,,,
,,,,,,,,
,,,,,,,,
,,,,,,,,
,,,,,,,,
,,,,,,,,
,,,,,,,,
,,,,,,,,
,,,,,,,,
,,,,,,,,
,,,,,,,,
,,,,,,,,
,,,,,,,,
,,,,,,,,
,,,,,,,,
,,,,,,,,
,,,,,,,,
,,,,,,,,
,,,,,,,,
,,,,,,,,
,,,,,,,,
,,,,,,,,
,,,,,,,,
,,,,,,,,
,,,,,,,,
,,,,,,,,
,,,,,,,,
,,,,,,,,
,,,,,,,,
,,,,,,,,
,,,,,,,,
,,,,,,,,
,,,,,,,,
,,,,,,,,
,,,,,,,,
,,,,,,,,
,,,,,,,,
,,,,,,,,
,,,,,,,,
,,,,,,,,
,,,,,,,,
,,,,,,,,
,,,,,,,,
,,,,,,,,
,,,,,,,,
,,,,,,,,
,,,,,,,,
,,,,,,,,
,,,,,,,,
,,,,,,,,
,,,,,,,,
,,,,,,,,
,,,,,,,,
,,,,,,,,
,,,,,,,,
,,,,,,,,
,,,,,,,,
,,,,,,,,
,,,,,,,,
,,,,,,,,
,,,,,,,,
,,,,,,,,
,,,,,,,,
,,,,,,,,
,,,,,,,,
,,,,,,,,
,,,,,,,,
,,,,,,,,
,,,,,,,,
,,,,,,,,
,,,,,,,,
,,,,,,,,
,,,,,,,,
,,,,,,,,
,,,,,,,,
,,,,,,,,
,,,,,,,,
,,,,,,,,
,,,,,,,,
,,,,,,,,
,,,,,,,,
,,,,,,,,
,,,,,,,,
,,,,,,,,
,,,,,,,,
,,,,,,,,
,,,,,,,,
,,,,,,,,
,,,,,,,,
,,,,,,,,
,,,,,,,,
,,,,,,,,
,,,,,,,,
,,,,,,,,
,,,,,,,,
,,,,,,,,
,,,,,,,,
,,,,,,,,
,,,,,,,,
,,,,,,,,
,,,,,,,,
,,,,,,,,
,,,,,,,,
,,,,,,,,
,,,,,,,,
,,,,,,,,
,,,,,,,,
,,,,,,,,
,,,,,,,,
,,,,,,,,
,,,,,,,,
,,,,,,,,
,,,,,,,,
,,,,,,,,
,,,,,,,,
,,,,,,,,
,,,,,,,,
,,,,,,,,
,,,,,,,,
,,,,,,,,
,,,,,,,,
,,,,,,,,
,,,,,,,,
,,,,,,,,
,,,,,,,,
,,,,,,,,
,,,,,,,,
,,,,,,,,
,,,,,,,,
,,,,,,,,
,,,,,,,,
,,,,,,,,
,,,,,,,,
,,,,,,,,
,,,,,,,,
,,,,,,,,
,,,,,,,,
,,,,,,,,
,,,,,,,,
,,,,,,,,
,,,,,,,,
,,,,,,,,
,,,,,,,,
,,,,,,,,
,,,,,,,,
,,,,,,,,
,,,,,,,,
,,,,,,,,
,,,,,,,,
,,,,,,,,
,,,,,,,,
,,,,,,,,
,,,,,,,,
,,,,,,,,
,,,,,,,,
,,,,,,,,
,,,,,,,,
,,,,,,,,
,,,,,,,,
,,,,,,,,
,,,,,,,,
,,,,,,,,
,,,,,,,,
,,,,,,,,
,,,,,,,,
,,,,,,,,
,,,,,,,,
,,,,,,,,
,,,,,,,,
,,,,,,,,
,,,,,,,,
,,,,,,,,
,,,,,,,,
,,,,,,,,
,,,,,,,,
,,,,,,,,
,,,,,,,,
,,,,,,,,
,,,,,,,,
,,,,,,,,
,,,,,,,,
,,,,,,,,
,,,,,,,,
,,,,,,,,
,,,,,,,,
,,,,,,,,
,,,,,,,,
,,,,,,,,
,,,,,,,,
,,,,,,,,
,,,,,,,,
,,,,,,,,
,,,,,,,,
,,,,,,,,
,,,,,,,,
,,,,,,,,
,,,,,,,,
,,,,,,,,
,,,,,,,,
,,,,,,,,
,,,,,,,,
,,,,,,,,
,,,,,,,,
,,,,,,,,
,,,,,,,,
,,,,,,,,
,,,,,,,,
,,,,,,,,
,,,,,,,,
,,,,,,,,
,,,,,,,,
,,,,,,,,
,,,,,,,,
,,,,,,,,
,,,,,,,,
,,,,,,,,
,,,,,,,,
,,,,,,,,
,,,,,,,,
,,,,,,,,
,,,,,,,,
,,,,,,,,
,,,,,,,,
,,,,,,,,
,,,,,,,,
,,,,,,,,
,,,,,,,,
,,,,,,,,
,,,,,,,,
,,,,,,,,
,,,,,,,,
,,,,,,,,
,,,,,,,,
,,,,,,,,
,,,,,,,,
,,,,,,,,
,,,,,,,,
,,,,,,,,
,,,,,,,,
,,,,,,,,
,,,,,,,,
,,,,,,,,
,,,,,,,,
,,,,,,,,
,,,,,,,,
,,,,,,,,
,,,,,,,,
,,,,,,,,
,,,,,,,,
,,,,,,,,
,,,,,,,,
,,,,,,,,
,,,,,,,,
,,,,,,,,
,,,,,,,,
,,,,,,,,
,,,,,,,,
,,,,,,,,
,,,,,,,,
,,,,,,,,
,,,,,,,,
,,,,,,,,
,,,,,,,,
,,,,,,,,
,,,,,,,,
,,,,,,,,
,,,,,,,,
,,,,,,,,
,,,,,,,,
,,,,,,,,
,,,,,,,,
,,,,,,,,
,,,,,,,,
,,,,,,,,
,,,,,,,,
,,,,,,,,
,,,,,,,,
,,,,,,,,
,,,,,,,,
,,,,,,,,
,,,,,,,,
,,,,,,,,
,,,,,,,,
,,,,,,,,
,,,,,,,,
,,,,,,,,
,,,,,,,,
,,,,,,,,
,,,,,,,,
,,,,,,,,
,,,,,,,,
,,,,,,,,
,,,,,,,,
,,,,,,,,
,,,,,,,,
,,,,,,,,
,,,,,,,,
,,,,,,,,
,,,,,,,,
,,,,,,,,
,,,,,,,,
,,,,,,,,
,,,,,,,,
,,,,,,,,
,,,,,,,,
,,,,,,,,
,,,,,,,,
,,,,,,,,
,,,,,,,,
,,,,,,,,
,,,,,,,,
,,,,,,,,
,,,,,,,,
,,,,,,,,
,,,,,,,,
,,,,,,,,
,,,,,,,,
,,,,,,,,
,,,,,,,,
,,,,,,,,
,,,,,,,,
,,,,,,,,
,,,,,,,,
,,,,,,,,
,,,,,,,,
,,,,,,,,
,,,,,,,,
,,,,,,,,
,,,,,,,,
,,,,,,,,
,,,,,,,,
,,,,,,,,
,,,,,,,,
,,,,,,,,
,,,,,,,,
,,,,,,,,
,,,,,,,,
,,,,,,,,
,,,,,,,,
,,,,,,,,
,,,,,,,,
,,,,,,,,
,,,,,,,,
,,,,,,,,
,,,,,,,,
,,,,,,,,
,,,,,,,,
,,,,,,,,
,,,,,,,,
,,,,,,,,
,,,,,,,,
,,,,,,,,
,,,,,,,,
,,,,,,,,
,,,,,,,,
,,,,,,,,
,,,,,,,,
,,,,,,,,
,,,,,,,,
,,,,,,,,
,,,,,,,,
,,,,,,,,
,,,,,,,,
,,,,,,,,
,,,,,,,,
,,,,,,,,
,,,,,,,,
,,,,,,,,
,,,,,,,,
,,,,,,,,
,,,,,,,,
,,,,,,,,
,,,,,,,,
,,,,,,,,
,,,,,,,,
,,,,,,,,
,,,,,,,,
,,,,,,,,
,,,,,,,,
,,,,,,,,
,,,,,,,,
,,,,,,,,
,,,,,,,,
,,,,,,,,
,,,,,,,,
,,,,,,,,
,,,,,,,,
,,,,,,,,
,,,,,,,,
,,,,,,,,
,,,,,,,,
,,,,,,,,
,,,,,,,,
,,,,,,,,
,,,,,,,,
,,,,,,,,
,,,,,,,,
,,,,,,,,
,,,,,,,,
,,,,,,,,
,,,,,,,,
,,,,,,,,
,,,,,,,,
,,,,,,,,
,,,,,,,,
,,,,,,,,
,,,,,,,,
,,,,,,,,
,,,,,,,,
,,,,,,,,
,,,,,,,,
,,,,,,,,
,,,,,,,,
,,,,,,,,
,,,,,,,,
,,,,,,,,
,,,,,,,,
,,,,,,,,
,,,,,,,,
,,,,,,,,
,,,,,,,,
,,,,,,,,
,,,,,,,,
,,,,,,,,
,,,,,,,,
,,,,,,,,
,,,,,,,,
,,,,,,,,
,,,,,,,,
,,,,,,,,
,,,,,,,,
,,,,,,,,
,,,,,,,,
,,,,,,,,
,,,,,,,,
,,,,,,,,
,,,,,,,,
,,,,,,,,
,,,,,,,,
,,,,,,,,
,,,,,,,,
,,,,,,,,
,,,,,,,,
,,,,,,,,
,,,,,,,,
,,,,,,,,
,,,,,,,,
,,,,,,,,
,,,,,,,,
,,,,,,,,
,,,,,,,,
,,,,,,,,
,,,,,,,,
,,,,,,,,
,,,,,,,,
,,,,,,,,
,,,,,,,,
,,,,,,,,
,,,,,,,,
,,,,,,,,
,,,,,,,,
,,,,,,,,
,,,,,,,,
,,,,,,,,
,,,,,,,,
,,,,,,,,
,,,,,,,,
,,,,,,,,
,,,,,,,,
,,,,,,,,
,,,,,,,,
,,,,,,,,
,,,,,,,,
,,,,,,,,
,,,,,,,,
,,,,,,,,
,,,,,,,,
,,,,,,,,
,,,,,,,,
,,,,,,,,
,,,,,,,,
,,,,,,,,
,,,,,,,,
,,,,,,,,
,,,,,,,,
,,,,,,,,
,,,,,,,,
,,,,,,,,
,,,,,,,,
,,,,,,,,
,,,,,,,,
,,,,,,,,
,,,,,,,,
,,,,,,,,
,,,,,,,,
,,,,,,,,
,,,,,,,,
,,,,,,,,
,,,,,,,,
,,,,,,,,
,,,,,,,,
,,,,,,,,
,,,,,,,,
,,,,,,,,
,,,,,,,,
,,,,,,,,
,,,,,,,,
,,,,,,,,
,,,,,,,,
,,,,,,,,
,,,,,,,,
,,,,,,,,
,,,,,,,,
,,,,,,,,
,,,,,,,,
,,,,,,,,
,,,,,,,,
,,,,,,,,
,,,,,,,,
,,,,,,,,
,,,,,,,,
,,,,,,,,
,,,,,,,,
,,,,,,,,
,,,,,,,,
,,,,,,,,
,,,,,,,,
,,,,,,,,
,,,,,,,,
,,,,,,,,
,,,,,,,,
,,,,,,,,
,,,,,,,,
,,,,,,,,
,,,,,,,,
,,,,,,,,
,,,,,,,,
,,,,,,,,
,,,,,,,,
,,,,,,,,
,,,,,,,,
,,,,,,,,
,,,,,,,,
,,,,,,,,
,,,,,,,,
,,,,,,,,
,,,,,,,,
,,,,,,,,
,,,,,,,,
,,,,,,,,
,,,,,,,,
,,,,,,,,
,,,,,,,,
,,,,,,,,
,,,,,,,,
,,,,,,,,
,,,,,,,,
,,,,,,,,
,,,,,,,,
,,,,,,,,
,,,,,,,,
,,,,,,,,
,,,,,,,,
,,,,,,,,
,,,,,,,,
,,,,,,,,
,,,,,,,,
,,,,,,,,
,,,,,,,,
,,,,,,,,
,,,,,,,,
,,,,,,,,
,,,,,,,,
,,,,,,,,
,,,,,,,,
,,,,,,,,
,,,,,,,,
,,,,,,,,
,,,,,,,,
,,,,,,,,
,,,,,,,,
,,,,,,,,
,,,,,,,,
,,,,,,,,
,,,,,,,,
,,,,,,,,
,,,,,,,,
,,,,,,,,
,,,,,,,,
,,,,,,,,
,,,,,,,,
,,,,,,,,
,,,,,,,,
,,,,,,,,
,,,,,,,,
,,,,,,,,
,,,,,,,,
,,,,,,,,
,,,,,,,,
,,,,,,,,
,,,,,,,,
,,,,,,,,
,,,,,,,,
,,,,,,,,
,,,,,,,,
,,,,,,,,
,,,,,,,,
,,,,,,,,
,,,,,,,,
,,,,,,,,
,,,,,,,,
,,,,,,,,
,,,,,,,,
,,,,,,,,
,,,,,,,,
,,,,,,,,
,,,,,,,,
,,,,,,,,
,,,,,,,,
,,,,,,,,
,,,,,,,,
,,,,,,,,
,,,,,,,,
,,,,,,,,
,,,,,,,,
,,,,,,,,
,,,,,,,,
,,,,,,,,
,,,,,,,,
,,,,,,,,
,,,,,,,,
,,,,,,,,
,,,,,,,,
,,,,,,,,
,,,,,,,,
,,,,

